city,year,temp_mean,temp_max,rainfall_annual,wind_speed,humidity,n_dry_months,monsoon_onset_doy,sowing_window_miss,gdd_accumulation,crop_water_deficit
Delhi,2000,24.673,30.522,666.9,3.963,73.28,9,131,0.3667,4648.05,0.0
Delhi,2001,24.721,30.621,598.6,3.86,73.517,8,136,0.5333,4573.55,0.0
Delhi,2002,25.666,31.666,401.8,4.083,69.473,10,212,1.0,4888.8,0.286
Delhi,2003,24.116,29.765,908.0,3.85,76.861,9,167,1.0,4557.15,0.0
Delhi,2004,25.328,31.216,475.4,4.186,72.533,10,210,1.0,4749.8,0.1429
Delhi,2005,24.729,30.615,719.2,4.043,70.875,9,173,1.0,4637.05,0.0
Delhi,2006,25.745,31.59,549.0,4.007,68.831,10,175,1.0,4699.15,0.0
Delhi,2007,25.23,31.018,649.3,4.038,71.836,7,166,1.0,4740.5,0.0
Delhi,2008,24.794,30.485,790.7,3.715,73.841,7,139,0.6333,4450.9,0.0
Delhi,2009,25.844,31.927,427.0,4.154,67.325,9,179,1.0,4811.6,0.1622
Delhi,2010,25.669,31.473,886.0,3.875,73.034,9,183,1.0,4759.1,0.0
Delhi,2011,24.632,30.283,656.6,3.769,76.439,8,174,1.0,4528.3,0.0
Delhi,2012,24.531,30.274,573.8,4.059,71.893,9,186,1.0,4658.8,0.0
Delhi,2013,24.209,29.535,753.1,3.839,78.572,8,174,1.0,4546.65,0.0
Delhi,2014,24.74,30.434,493.6,3.94,72.976,9,173,1.0,4688.95,0.2029
Delhi,2015,24.608,30.112,814.9,3.832,76.948,8,184,1.0,4538.25,0.0
Delhi,2016,25.39,31.066,794.4,3.753,74.805,9,176,1.0,4651.55,0.0
Delhi,2017,25.225,30.843,546.1,4.448,74.969,8,165,1.0,4679.4,0.0
Delhi,2018,25.002,30.667,702.3,4.27,74.584,8,176,1.0,4649.4,0.0
Delhi,2019,24.726,30.004,572.2,4.282,76.804,9,185,1.0,4749.45,0.0371
Delhi,2020,24.316,29.799,582.1,4.306,78.111,8,187,1.0,4622.0,0.1153
Delhi,2021,24.858,30.322,780.4,4.292,76.361,8,191,1.0,4582.45,0.0
Delhi,2022,25.21,30.879,707.3,4.575,74.548,7,166,1.0,4813.7,0.0
Delhi,2023,24.602,30.196,835.4,4.415,77.458,7,121,0.0333,4530.3,0.0
Delhi,2024,25.133,30.724,1026.3,4.263,73.344,8,176,1.0,4754.25,0.0
Jaipur,2000,25.332,31.58,355.2,4.316,60.446,10,131,0.3667,4651.75,0.0
Jaipur,2001,25.032,31.214,370.5,3.918,63.18,10,134,0.4667,4518.7,0.0
Jaipur,2002,26.287,32.587,202.5,4.294,57.666,10,166,1.0,4918.55,0.4313
Jaipur,2003,24.663,30.609,564.7,4.011,66.268,9,169,1.0,4511.3,0.0
Jaipur,2004,25.549,31.683,446.4,4.047,62.199,11,209,1.0,4711.15,0.0
Jaipur,2005,24.99,31.022,462.5,4.069,62.122,10,174,1.0,4562.4,0.0
Jaipur,2006,25.898,31.851,316.4,3.976,60.75,9,174,1.0,4624.5,0.0343
Jaipur,2007,25.39,31.345,504.0,3.911,63.613,9,166,1.0,4646.25,0.0
Jaipur,2008,25.022,30.928,526.4,3.811,64.188,8,160,1.0,4400.3,0.0
Jaipur,2009,26.264,32.369,319.5,4.191,59.768,10,188,1.0,4756.6,0.0177
Jaipur,2010,25.695,31.5,793.5,3.833,66.362,8,182,1.0,4749.1,0.0
Jaipur,2011,24.622,30.405,594.2,3.725,68.745,8,171,1.0,4471.15,0.0
Jaipur,2012,24.541,30.478,622.3,3.936,64.104,9,187,1.0,4570.85,0.0
Jaipur,2013,24.386,30.133,670.5,3.924,70.048,10,159,1.0,4481.05,0.0
Jaipur,2014,24.548,30.294,463.9,3.868,67.988,9,195,1.0,4573.85,0.0
Jaipur,2015,25.175,30.99,397.2,3.977,66.36,10,186,1.0,4562.4,0.0
Jaipur,2016,25.776,31.674,608.2,3.811,64.828,10,176,1.0,4644.8,0.0
Jaipur,2017,25.729,31.425,424.1,4.291,63.328,9,169,1.0,4665.75,0.0
Jaipur,2018,25.751,31.566,695.5,4.397,62.822,8,176,1.0,4656.25,0.0
Jaipur,2019,25.013,30.413,912.7,4.196,69.237,9,182,1.0,4661.7,0.0
Jaipur,2020,25.052,30.63,481.3,4.296,67.988,9,187,1.0,4657.85,0.0
Jaipur,2021,25.158,30.658,740.6,4.299,67.698,8,204,1.0,4548.05,0.0
Jaipur,2022,25.348,31.119,601.7,4.313,66.156,8,168,1.0,4684.85,0.0
Jaipur,2023,24.847,30.545,587.7,4.284,69.632,9,142,0.7333,4440.1,0.0
Jaipur,2024,25.314,30.854,790.8,4.084,67.798,8,175,1.0,4647.6,0.0
Ahmedabad,2000,27.613,33.849,373.9,3.984,61.137,10,180,0.9333,2854.9,0.4673
Ahmedabad,2001,27.432,33.332,454.0,3.891,62.963,9,157,0.1667,2735.4,0.4
Ahmedabad,2002,27.901,34.044,300.0,3.961,60.034,10,175,0.7667,2873.6,0.5786
Ahmedabad,2003,27.433,33.224,790.4,3.872,65.508,9,165,0.4333,2763.7,0.0
Ahmedabad,2004,27.374,33.232,863.6,3.701,65.455,9,164,0.4,2773.35,0.0
Ahmedabad,2005,26.535,32.375,1077.3,3.679,67.053,8,172,0.6667,2715.65,0.0
Ahmedabad,2006,27.105,32.725,1617.0,3.681,68.505,8,175,0.7667,2651.05,0.0
Ahmedabad,2007,27.178,32.795,1091.5,3.653,68.669,8,169,0.5667,2768.65,0.0
Ahmedabad,2008,26.767,32.45,783.9,3.735,67.933,8,178,0.8667,2619.05,0.0
Ahmedabad,2009,27.969,33.815,592.7,3.808,64.18,10,189,1.0,2859.8,0.1586
Ahmedabad,2010,28.014,33.605,1089.5,3.724,67.318,9,182,1.0,2924.95,0.0
Ahmedabad,2011,27.175,32.74,819.7,3.739,67.695,9,185,1.0,2727.1,0.0
Ahmedabad,2012,26.741,32.422,563.1,3.797,67.252,9,190,1.0,2766.35,0.196
Ahmedabad,2013,26.592,31.85,916.9,3.735,71.587,7,164,0.4,2658.8,0.0
Ahmedabad,2014,27.178,32.672,693.2,3.655,68.967,9,194,1.0,2806.15,0.0247
Ahmedabad,2015,27.623,33.287,610.6,3.73,65.925,11,170,0.6,2856.7,0.1904
Ahmedabad,2016,27.426,33.008,712.2,3.624,67.746,9,181,0.9667,2832.6,0.1494
Ahmedabad,2017,27.639,33.192,1578.0,4.428,68.221,8,174,0.7333,2845.25,0.0
Ahmedabad,2018,27.877,33.682,751.1,4.176,64.387,10,180,0.9333,2901.9,0.0
Ahmedabad,2019,27.512,32.769,1237.1,4.437,70.509,8,173,0.7,2933.6,0.0
Ahmedabad,2020,27.725,33.169,1015.1,4.236,68.086,8,156,0.1333,2954.25,0.0
Ahmedabad,2021,27.891,33.346,1050.1,4.376,67.565,7,166,0.4667,2879.15,0.0
Ahmedabad,2022,28.016,33.907,1014.7,4.348,65.157,9,180,0.9333,2949.2,0.0
Ahmedabad,2023,27.976,33.676,1035.9,4.436,67.559,8,164,0.4,2893.4,0.0
Ahmedabad,2024,28.196,33.587,1335.1,4.169,66.876,7,178,0.8667,2985.15,0.0
Lucknow,2000,24.909,30.447,787.0,3.979,76.355,8,153,1.0,3616.8,0.4905
Lucknow,2001,24.885,30.387,1081.4,3.775,77.515,7,134,1.0,3594.75,0.3957
Lucknow,2002,25.508,31.066,730.7,4.117,76.027,9,176,1.0,3810.55,0.5743
Lucknow,2003,24.776,30.189,1425.6,3.866,78.347,8,167,1.0,3658.35,0.1072
Lucknow,2004,25.109,30.477,851.9,4.047,78.87,7,163,1.0,3692.0,0.5225
Lucknow,2005,25.422,30.914,823.4,4.027,73.252,8,171,1.0,3729.85,0.4958
Lucknow,2006,26.044,31.583,676.8,4.013,73.136,9,151,1.0,3698.35,0.5793
Lucknow,2007,25.51,30.848,973.3,4.017,75.789,7,162,1.0,3773.85,0.4233
Lucknow,2008,25.212,30.563,1443.9,3.826,76.363,8,153,1.0,3553.9,0.0517
Lucknow,2009,26.023,31.65,789.3,4.302,73.167,8,178,1.0,3820.7,0.5683
Lucknow,2010,26.303,31.751,1027.3,4.007,75.099,9,179,1.0,3876.25,0.3605
Lucknow,2011,25.175,30.577,1040.5,3.888,77.296,8,164,1.0,3614.05,0.3358
Lucknow,2012,25.28,30.869,936.1,4.075,72.688,9,184,1.0,3782.25,0.4286
Lucknow,2013,24.712,29.808,1160.1,3.941,80.322,6,151,1.0,3608.15,0.3723
Lucknow,2014,25.012,30.327,728.9,4.038,77.626,8,181,1.0,3762.8,0.6613
Lucknow,2015,25.557,30.812,828.5,3.835,77.522,8,173,1.0,3718.7,0.5513
Lucknow,2016,25.873,31.119,1022.3,3.882,77.582,8,166,1.0,3751.6,0.3775
Lucknow,2017,25.655,31.013,936.0,4.28,78.348,8,177,1.0,3755.9,0.4048
Lucknow,2018,25.507,31.167,1228.3,4.31,75.57,8,157,1.0,3734.8,0.1859
Lucknow,2019,25.272,30.463,1284.7,4.358,78.942,9,183,1.0,3799.15,0.2232
Lucknow,2020,24.591,29.765,1296.1,3.963,82.272,5,129,1.0,3535.4,0.2554
Lucknow,2021,25.084,30.292,994.9,4.095,79.91,7,136,1.0,3564.55,0.3994
Lucknow,2022,25.592,31.178,1125.0,4.387,78.13,7,121,1.0,3863.05,0.4022
Lucknow,2023,25.395,30.915,1007.5,4.257,78.874,7,169,1.0,3677.45,0.4079
Lucknow,2024,25.669,31.043,1139.0,4.032,76.795,8,173,1.0,3871.65,0.3069
Hyderabad,2000,25.911,30.941,784.5,4.386,74.125,9,125,0.0,3192.65,0.0
Hyderabad,2001,26.343,31.26,659.8,4.632,73.883,8,153,0.0333,3316.6,0.0
Hyderabad,2002,26.466,31.506,561.8,4.624,73.487,9,153,0.0333,3337.35,0.0616
Hyderabad,2003,26.485,31.289,769.9,4.534,74.698,7,171,0.6333,3419.4,0.0
Hyderabad,2004,26.011,31.061,667.1,4.542,75.451,8,130,0.0,3237.7,0.0
Hyderabad,2005,26.168,31.057,908.2,4.407,74.87,8,173,0.7,3346.0,0.0
Hyderabad,2006,25.942,30.801,753.0,4.42,76.773,8,143,0.0,3248.5,0.0
Hyderabad,2007,26.207,31.131,768.2,4.385,75.269,7,151,0.0,3283.8,0.0
Hyderabad,2008,26.125,30.995,814.6,4.368,75.098,8,175,0.7667,3289.8,0.0
Hyderabad,2009,26.97,32.047,667.4,4.411,70.777,7,168,0.5333,3462.15,0.0
Hyderabad,2010,26.571,31.124,1198.3,4.348,77.178,7,159,0.2333,3408.95,0.0
Hyderabad,2011,26.116,31.197,588.5,4.424,74.059,10,153,0.0333,3276.5,0.0
Hyderabad,2012,26.533,31.586,711.3,4.51,71.686,7,164,0.4,3383.15,0.0
Hyderabad,2013,25.905,30.535,910.8,4.751,77.817,7,153,0.0333,3242.9,0.0
Hyderabad,2014,26.151,31.013,716.0,4.489,75.603,7,185,1.0,3359.4,0.0
Hyderabad,2015,26.728,31.759,495.1,4.396,73.345,9,160,0.2667,3363.8,0.1426
Hyderabad,2016,26.388,31.259,969.3,4.608,75.286,7,154,0.0667,3302.35,0.0
Hyderabad,2017,26.466,31.45,754.3,4.261,75.482,7,153,0.0333,3365.85,0.0
Hyderabad,2018,26.277,31.35,708.4,4.439,75.398,8,149,0.0,3272.3,0.0
Hyderabad,2019,26.616,31.391,853.1,4.416,77.898,7,169,0.5667,3435.35,0.0
Hyderabad,2020,25.967,30.586,1126.8,4.091,81.197,7,150,0.0,3261.8,0.0
Hyderabad,2021,26.084,30.956,787.3,4.243,78.207,7,164,0.4,3217.6,0.0
Hyderabad,2022,26.23,31.358,921.6,4.402,77.746,7,165,0.4333,3306.1,0.0
Hyderabad,2023,26.317,31.518,969.0,4.441,76.725,7,121,0.0,3310.4,0.0
Hyderabad,2024,26.791,31.583,1299.1,4.539,79.75,6,136,0.0,3306.05,0.0
Chennai,2000,28.279,31.903,703.6,4.994,86.226,7,143,0.0,3744.6,0.7053
Chennai,2001,28.698,32.379,1153.2,5.113,84.785,7,203,1.0,3860.05,0.7357
Chennai,2002,28.518,32.196,605.0,5.057,86.236,10,161,0.3,3897.3,0.8951
Chennai,2003,28.651,32.308,615.7,5.215,86.389,6,174,0.7333,3840.3,0.7508
Chennai,2004,28.173,31.748,957.4,5.067,86.49,7,121,0.0,3733.95,0.5852
Chennai,2005,28.464,31.998,1409.6,5.056,86.923,6,191,1.0,3803.75,0.6808
Chennai,2006,28.34,32.022,941.5,4.896,86.22,8,143,0.0,3797.85,0.7397
Chennai,2007,27.921,31.399,1235.5,4.9,89.905,5,157,0.1667,3651.45,0.4457
Chennai,2008,28.173,31.754,1134.4,4.808,87.813,7,150,0.0,3760.55,0.7695
Chennai,2009,28.761,32.623,850.2,5.024,85.096,7,139,0.0,3890.9,0.7727
Chennai,2010,28.332,31.664,1296.8,4.98,90.377,4,159,0.2333,3700.4,0.4488
Chennai,2011,28.305,31.973,931.0,5.127,87.807,6,181,0.9667,3772.65,0.7002
Chennai,2012,28.843,32.663,731.0,5.179,84.873,7,191,1.0,3941.95,0.7892
Chennai,2013,28.379,31.94,855.6,5.167,85.999,7,196,1.0,3770.55,0.6225
Chennai,2014,28.579,32.219,933.8,5.247,85.33,6,123,0.0,3848.5,0.6952
Chennai,2015,28.529,32.028,1238.0,5.015,87.596,7,131,0.0,3810.8,0.6914
Chennai,2016,28.559,32.155,1014.4,5.055,87.198,7,135,0.0,3726.15,0.3993
Chennai,2017,28.413,31.495,1335.1,5.159,91.719,7,170,0.6,3745.4,0.4997
Chennai,2018,28.311,31.55,844.4,5.32,90.508,7,172,0.6667,3753.7,0.6967
Chennai,2019,28.509,31.655,932.1,5.472,92.714,6,174,0.7333,3755.25,0.6337
Chennai,2020,28.19,31.12,1343.2,5.038,92.724,6,172,0.6667,3627.35,0.5752
Chennai,2021,28.12,31.281,1727.2,4.97,92.432,5,138,0.0,3693.2,0.5495
Chennai,2022,28.027,31.251,1441.4,5.189,92.69,5,128,0.0,3636.3,0.5323
Chennai,2023,28.463,31.956,1625.2,5.212,91.286,5,121,0.0,3751.95,0.434
Chennai,2024,28.716,32.141,1610.5,5.236,91.662,4,129,0.0,3762.35,0.4163
Bangalore,2000,22.733,27.504,963.0,4.341,87.648,5,122,0.0,2505.55,0.0
Bangalore,2001,23.141,27.892,756.2,4.431,86.361,6,123,0.0,2582.0,0.0
Bangalore,2002,23.343,28.388,628.7,4.475,84.311,7,125,0.0,2652.3,0.0
Bangalore,2003,23.82,28.867,589.6,4.381,83.139,8,166,0.4667,2747.8,0.0351
Bangalore,2004,22.959,27.824,898.8,4.49,86.936,6,122,0.0,2482.05,0.0
Bangalore,2005,23.258,27.928,1120.4,4.342,86.816,3,128,0.0,2612.95,0.0
Bangalore,2006,23.229,28.133,632.5,4.49,85.275,7,128,0.0,2636.25,0.0
Bangalore,2007,23.256,28.036,935.4,4.456,86.344,6,121,0.0,2595.35,0.0
Bangalore,2008,22.882,27.633,1056.2,4.248,87.261,4,140,0.0,2544.55,0.0
Bangalore,2009,23.339,28.168,1004.4,4.435,85.837,6,133,0.0,2612.5,0.0
Bangalore,2010,23.567,28.116,1106.7,4.214,87.674,5,132,0.0,2653.5,0.0
Bangalore,2011,22.921,27.785,1062.6,4.436,86.385,5,130,0.0,2532.0,0.0
Bangalore,2012,23.4,28.515,793.0,4.398,83.026,6,129,0.0,2647.0,0.0
Bangalore,2013,23.24,27.979,958.6,4.52,85.476,6,136,0.0,2561.65,0.0
Bangalore,2014,23.531,28.348,822.1,4.476,84.32,6,123,0.0,2696.2,0.0
Bangalore,2015,23.34,27.975,1176.9,4.268,87.666,4,122,0.0,2615.9,0.0
Bangalore,2016,23.773,28.725,775.5,4.42,83.641,9,125,0.0,2676.55,0.0
Bangalore,2017,23.807,28.555,968.3,4.987,87.309,6,131,0.0,2721.55,0.0
Bangalore,2018,23.612,28.525,942.9,5.048,86.745,6,127,0.0,2608.3,0.0
Bangalore,2019,24.242,29.151,967.0,5.115,86.437,7,147,0.0,2785.2,0.0
Bangalore,2020,23.871,28.594,1268.6,5.03,88.345,6,153,0.0333,2709.0,0.0
Bangalore,2021,23.462,28.147,1440.9,4.907,89.691,4,128,0.0,2631.9,0.0
Bangalore,2022,23.301,28.171,1185.3,4.933,89.734,5,129,0.0,2583.85,0.0
Bangalore,2023,24.049,29.411,795.5,4.983,85.433,7,121,0.0,2736.45,0.0
Bangalore,2024,24.532,29.55,1080.9,5.12,86.91,5,127,0.0,2816.4,0.0
Pune,2000,24.837,30.141,1559.0,3.63,76.366,6,135,0.0,2885.0,0.0
Pune,2001,25.033,30.253,1452.9,3.724,76.422,7,153,0.0333,2920.7,0.0
Pune,2002,25.422,30.684,1430.2,3.843,75.485,8,159,0.2333,2970.65,0.0
Pune,2003,25.62,31.033,1313.5,3.734,74.41,8,159,0.2333,2982.4,0.0
Pune,2004,25.185,30.504,1815.0,3.826,75.997,7,127,0.0,2920.05,0.0
Pune,2005,25.086,30.476,2205.8,3.71,75.369,7,165,0.4333,2990.4,0.0
Pune,2006,25.176,30.334,2443.4,3.808,77.834,7,148,0.0,2926.15,0.0
Pune,2007,25.608,30.759,1786.5,3.731,76.077,8,149,0.0,3004.5,0.0
Pune,2008,25.217,30.366,1779.0,3.731,76.501,7,155,0.1,2918.15,0.0
Pune,2009,25.744,30.887,1854.3,3.606,75.282,6,152,0.0,3059.9,0.0
Pune,2010,25.557,30.519,2201.7,3.51,79.311,6,156,0.1333,3073.15,0.0
Pune,2011,25.161,30.305,1958.0,3.628,75.864,7,151,0.0,2888.3,0.0
Pune,2012,25.512,31.108,1199.4,3.747,72.771,7,158,0.2,3007.1,0.0
Pune,2013,25.155,30.324,2077.1,3.766,76.67,8,151,0.0,2884.95,0.0
Pune,2014,25.45,30.782,1750.6,3.658,76.807,7,163,0.3667,3065.4,0.0
Pune,2015,25.711,31.016,1241.2,3.638,76.559,7,154,0.0667,3046.6,0.0
Pune,2016,25.561,30.657,2164.8,3.672,75.703,7,161,0.3,3011.8,0.0
Pune,2017,25.487,30.861,935.4,4.987,78.797,7,150,0.0,3079.9,0.0
Pune,2018,25.591,30.907,680.9,5.053,76.853,8,151,0.0,3030.25,0.0
Pune,2019,25.552,30.821,1480.4,4.959,79.205,7,157,0.1667,3121.15,0.0
Pune,2020,25.454,30.51,1485.2,4.63,82.488,7,151,0.0,3110.0,0.0
Pune,2021,25.315,30.212,952.8,4.74,82.025,6,135,0.0,2959.5,0.0
Pune,2022,25.432,30.873,1076.7,4.826,79.438,7,159,0.2333,3111.75,0.0
Pune,2023,25.843,31.359,782.0,4.913,78.446,9,173,0.7,3120.1,0.0
Pune,2024,26.186,31.61,1413.1,4.963,78.734,7,154,0.0667,3204.2,0.0
Kolkata,2000,26.013,30.24,1402.0,3.597,86.578,5,134,0.0,3508.95,0.0272
Kolkata,2001,25.903,30.105,1716.5,3.527,86.871,6,121,0.0,3437.7,0.0
Kolkata,2002,26.228,30.519,1683.7,3.585,86.485,4,132,0.0,3515.3,0.0
Kolkata,2003,26.136,30.331,1482.3,3.615,87.013,5,163,0.9333,3589.9,0.0498
Kolkata,2004,26.338,30.687,1389.6,3.619,84.601,6,143,0.2667,3551.4,0.0
Kolkata,2005,26.647,30.916,1489.1,3.714,85.227,5,122,0.0,3647.25,0.1718
Kolkata,2006,26.643,30.967,1430.4,3.514,84.707,7,125,0.0,3503.45,0.0
Kolkata,2007,26.205,30.388,1864.7,3.606,86.788,5,135,0.0,3553.25,0.0
Kolkata,2008,26.106,30.235,1793.5,3.5,87.781,5,143,0.2667,3500.25,0.0
Kolkata,2009,26.999,31.486,1299.3,3.652,83.457,6,129,0.0,3643.9,0.0517
Kolkata,2010,27.235,31.451,1162.7,3.887,85.307,6,160,0.8333,3696.0,0.1836
Kolkata,2011,26.337,30.573,1820.2,3.514,84.548,7,145,0.3333,3478.55,0.0
Kolkata,2012,26.47,30.754,1261.2,3.684,85.448,5,121,0.0,3650.9,0.1418
Kolkata,2013,26.027,30.324,1570.2,3.663,85.557,6,146,0.3667,3511.2,0.0443
Kolkata,2014,26.37,30.766,1378.5,3.478,84.15,7,143,0.2667,3644.7,0.0
Kolkata,2015,26.478,30.453,1838.7,3.517,87.174,7,160,0.8333,3527.4,0.0
Kolkata,2016,26.79,30.752,1612.6,3.53,87.767,5,121,0.0,3583.95,0.0
Kolkata,2017,26.6,30.631,2237.1,4.202,89.472,2,157,0.7333,3616.6,0.0
Kolkata,2018,26.142,30.407,1786.9,4.014,87.629,5,121,0.0,3495.55,0.0
Kolkata,2019,26.36,30.533,1666.5,4.12,89.119,3,151,0.5333,3595.3,0.0028
Kolkata,2020,26.223,30.402,1892.7,4.041,88.288,5,121,0.0,3505.25,0.0
Kolkata,2021,26.593,30.856,2168.2,3.881,86.557,5,121,0.0,3529.35,0.0
Kolkata,2022,26.429,30.826,1651.6,4.35,87.901,6,121,0.0,3581.45,0.0
Kolkata,2023,26.975,31.61,1882.3,4.082,85.732,5,134,0.0,3656.05,0.0
Kolkata,2024,26.695,30.913,2083.4,3.969,88.419,5,127,0.0,3665.0,0.0
Mumbai,2000,26.621,30.125,1836.5,4.621,89.575,6,134,0.0,3195.5,0.0
Mumbai,2001,26.631,30.041,1655.8,4.827,90.161,7,138,0.0,3195.25,0.0
Mumbai,2002,27.187,30.689,1530.1,4.897,88.021,8,129,0.0,3268.85,0.0
Mumbai,2003,27.102,30.596,1780.5,4.736,89.365,8,159,0.2333,3229.7,0.0
Mumbai,2004,27.052,30.558,2031.1,4.815,87.947,8,136,0.0,3230.7,0.0
Mumbai,2005,26.755,30.389,2383.7,4.88,88.253,8,162,0.3333,3262.75,0.0
Mumbai,2006,27.224,30.664,2472.9,4.984,88.813,6,149,0.0,3214.25,0.0
Mumbai,2007,27.343,30.72,2288.9,4.961,88.604,8,151,0.0,3297.0,0.0
Mumbai,2008,26.917,30.431,1868.4,4.922,88.706,8,155,0.1,3232.85,0.0
Mumbai,2009,27.391,30.892,1625.1,4.797,88.854,6,151,0.0,3331.15,0.0
Mumbai,2010,27.271,30.414,2261.7,4.609,91.536,7,153,0.0333,3331.8,0.0
Mumbai,2011,26.999,30.532,2143.5,4.818,89.241,8,150,0.0,3182.5,0.0
Mumbai,2012,26.608,30.126,1454.9,4.9,89.319,7,157,0.1667,3201.95,0.0
Mumbai,2013,26.644,30.004,2161.8,4.913,91.023,8,151,0.0,3156.55,0.0
Mumbai,2014,27.257,30.672,1845.4,4.926,89.798,8,162,0.3333,3300.6,0.0
Mumbai,2015,27.388,30.73,1324.2,4.757,89.724,8,155,0.1,3301.8,0.0
Mumbai,2016,26.966,30.366,2638.3,4.759,90.213,7,160,0.2667,3278.6,0.0
Mumbai,2017,26.867,30.358,2453.5,5.475,93.283,7,146,0.0,3280.65,0.0
Mumbai,2018,27.083,30.573,1361.4,5.527,91.784,8,150,0.0,3242.75,0.0
Mumbai,2019,26.725,29.951,2604.6,5.368,94.29,7,161,0.3,3251.5,0.0
Mumbai,2020,27.126,30.353,2773.6,5.314,92.901,7,151,0.0,3304.2,0.0
Mumbai,2021,27.173,30.388,2280.9,5.309,93.174,6,134,0.0,3243.0,0.0
Mumbai,2022,26.888,30.366,2651.6,5.344,91.018,7,157,0.1667,3273.5,0.0
Mumbai,2023,27.515,31.376,2048.1,5.403,89.188,8,158,0.2,3336.75,0.0
Mumbai,2024,27.567,31.515,2523.7,5.299,87.701,7,156,0.1333,3364.7,0.0
