city,year,pre_monsoon_depth_mbgl,post_monsoon_depth_mbgl,n_wells,depletion_rate,recharge_efficiency,gw_imputed
Ahmedabad,2000,9.04,12.355,3,-1.59,0.0,1
Ahmedabad,2001,11.375,11.55,3,2.335000000000001,0.0,1
Ahmedabad,2002,11.295,11.6,3,-0.08000000000000007,0.0,1
Ahmedabad,2003,14.1,5.8,3,2.8049999999999997,0.0105,1
Ahmedabad,2004,9.15,4.47,3,-4.949999999999999,0.0054,1
Ahmedabad,2005,7.98,2.075,3,-1.17,0.0055,0
Ahmedabad,2006,4.8,1.8,3,-3.1800000000000006,0.0019,0
Ahmedabad,2007,4.38,2.68,3,-0.41999999999999993,0.0016,0
Ahmedabad,2008,6.48,3.38,3,2.1000000000000005,0.004,0
Ahmedabad,2009,4.52,2.91,3,-1.9600000000000009,0.0027,0
Ahmedabad,2010,6.45,2.45,3,1.9300000000000006,0.0037,0
Ahmedabad,2011,4.15,2.66,3,-2.3,0.0018,0
Ahmedabad,2012,11.395,5.05,3,7.244999999999999,0.0113,0
Ahmedabad,2013,7.22,2.3,3,-4.175,0.0054,0
Ahmedabad,2014,4.16,3.89,3,-3.0599999999999996,0.0004,0
Ahmedabad,2015,3.18,3.16,3,-0.98,0.0,0
Ahmedabad,2016,4.75,3.98,3,1.5699999999999998,0.0011,0
Ahmedabad,2017,4.54,3.02,3,-0.20999999999999996,0.001,0
Ahmedabad,2018,9.105,,3,4.565,,0
Ahmedabad,2019,9.2,2.3,3,0.09499999999999886,0.0056,0
Ahmedabad,2020,,2.935,3,,,0
Ahmedabad,2021,,2.92,3,,,0
Ahmedabad,2022,4.94,3.55,3,,0.0014,0
Bangalore,2000,5.35,2.23,7,-0.05166666666666675,0.0032,1
Bangalore,2001,4.85,2.15,7,-0.5,0.0036,1
Bangalore,2002,5.27,7.0,7,0.41999999999999993,0.0,1
Bangalore,2003,7.47,5.67,7,2.2,0.0031,1
Bangalore,2004,7.4,4.48,7,-0.0699999999999994,0.0032,1
Bangalore,2005,6.5,2.2,7,-0.9000000000000004,0.0038,0
Bangalore,2006,5.7,5.35,7,-0.7999999999999998,0.0006,0
Bangalore,2007,7.245,2.94,7,1.545,0.0046,0
Bangalore,2008,5.2,3.04,7,-2.045,0.002,0
Bangalore,2009,5.03,4.09,7,-0.16999999999999993,0.0009,0
Bangalore,2010,5.55,3.62,7,0.5199999999999996,0.0017,0
Bangalore,2011,5.5,2.47,7,-0.04999999999999982,0.0029,0
Bangalore,2012,5.09,9.395,7,-0.41000000000000014,0.0,0
Bangalore,2013,10.5,3.68,7,5.41,0.0071,0
Bangalore,2014,8.49,2.36,7,-2.01,0.0075,0
Bangalore,2015,4.65,1.675,7,-3.84,0.0025,0
Bangalore,2016,2.66,4.42,7,-1.9900000000000002,0.0,0
Bangalore,2017,4.72,1.42,7,2.0599999999999996,0.0034,0
Bangalore,2018,4.31,3.52,7,-0.41000000000000014,0.0008,0
Bangalore,2019,7.3,2.63,7,2.99,0.0048,0
Bangalore,2020,,1.975,7,,,0
Bangalore,2021,,1.525,7,,,0
Bangalore,2022,1.7,1.925,7,,0.0,0
Chennai,2000,4.55,5.26,5,-0.5999999999999998,0.0,1
Chennai,2001,7.78,3.4,5,3.2300000000000004,0.0038,1
Chennai,2002,6.245,4.22,5,-1.5350000000000001,0.0033,1
Chennai,2003,8.255,5.8,5,2.0100000000000007,0.004,1
Chennai,2004,7.8,4.45,5,-0.45500000000000096,0.0035,1
Chennai,2005,7.36,1.42,5,-0.4399999999999995,0.0042,0
Chennai,2006,2.94,2.26,5,-4.42,0.0007,0
Chennai,2007,6.0,1.6,5,3.06,0.0036,0
Chennai,2008,3.44,3.82,5,-2.56,0.0,0
Chennai,2009,4.805,6.7,5,1.3649999999999998,0.0,0
Chennai,2010,3.42,3.17,5,-1.3849999999999998,0.0002,0
Chennai,2011,7.24,3.05,5,3.8200000000000003,0.0045,0
Chennai,2012,7.23,2.63,5,-0.009999999999999787,0.0063,0
Chennai,2013,6.35,3.165,5,-0.8800000000000008,0.0037,0
Chennai,2014,7.925,3.2,5,1.5750000000000002,0.0051,0
Chennai,2015,7.15,7.04,5,-0.7749999999999995,0.0001,0
Chennai,2016,4.42,5.4,5,-2.7300000000000004,0.0,0
Chennai,2017,7.35,1.56,5,2.9299999999999997,0.0043,0
Chennai,2018,7.0,5.45,5,-0.34999999999999964,0.0018,0
Chennai,2019,7.82,3.9,5,0.8200000000000003,0.0042,0
Chennai,2020,,5.3,5,,,0
Chennai,2021,,1.17,5,,,0
Chennai,2022,5.98,1.955,5,,0.0028,0
Delhi,2000,4.04,5.365,12,-0.12833333333333327,0.0,1
Delhi,2001,6.32,5.41,12,2.2800000000000002,0.0015,1
Delhi,2002,5.98,5.825,12,-0.33999999999999986,0.0004,1
Delhi,2003,6.735,4.85,12,0.7549999999999999,0.0021,1
Delhi,2004,5.455,5.075,12,-1.2800000000000002,0.0008,1
Delhi,2005,5.47,5.03,12,0.01499999999999968,0.0006,0
Delhi,2006,5.39,5.205,12,-0.08000000000000007,0.0003,0
Delhi,2007,5.07,5.29,12,-0.3199999999999994,0.0,0
Delhi,2008,5.595,4.995,12,0.5249999999999995,0.0008,0
Delhi,2009,5.82,4.55,12,0.22500000000000053,0.003,0
Delhi,2010,6.94,3.48,12,1.12,0.0039,0
Delhi,2011,4.54,4.005,12,-2.4000000000000004,0.0008,0
Delhi,2012,4.34,4.41,12,-0.20000000000000018,0.0,0
Delhi,2013,4.77,3.36,12,0.4299999999999997,0.0019,0
Delhi,2014,3.86,5.71,12,-0.9099999999999997,0.0,0
Delhi,2015,5.01,4.11,12,1.15,0.0011,0
Delhi,2016,3.165,3.695,12,-1.8449999999999998,0.0,0
Delhi,2017,5.05,3.01,12,1.8849999999999998,0.0037,0
Delhi,2018,6.34,2.61,12,1.29,0.0053,0
Delhi,2019,4.875,4.345,12,-1.4649999999999999,0.0009,0
Delhi,2020,,3.595,12,,,0
Delhi,2021,,3.495,12,,,0
Delhi,2022,3.435,3.195,12,,0.0003,0
Hyderabad,2000,12.46,7.06,9,-0.25333333333333324,0.0069,1
Hyderabad,2001,12.52,5.85,9,0.05999999999999872,0.0101,1
Hyderabad,2002,12.765,9.98,9,0.245000000000001,0.005,1
Hyderabad,2003,13.495,7.72,9,0.7299999999999986,0.0075,1
Hyderabad,2004,12.36,7.95,9,-1.1349999999999998,0.0066,1
Hyderabad,2005,14.2,3.48,9,1.8399999999999999,0.0118,0
Hyderabad,2006,8.835,6.64,9,-5.364999999999998,0.0029,0
Hyderabad,2007,11.6,5.75,9,2.764999999999999,0.0076,0
Hyderabad,2008,8.0,5.88,9,-3.5999999999999996,0.0026,0
Hyderabad,2009,9.4,5.73,9,1.4000000000000004,0.0055,0
Hyderabad,2010,11.735,4.705,9,2.334999999999999,0.0059,0
Hyderabad,2011,11.7,9.84,9,-0.03500000000000014,0.0032,0
Hyderabad,2012,13.74,8.47,9,2.040000000000001,0.0074,0
Hyderabad,2013,13.8,4.09,9,0.0600000000000005,0.0107,0
Hyderabad,2014,9.975,9.32,9,-3.825000000000001,0.0009,0
Hyderabad,2015,13.94,10.01,9,3.965,0.0079,0
Hyderabad,2016,11.95,5.09,9,-1.9900000000000002,0.0071,0
Hyderabad,2017,11.9,4.92,9,-0.049999999999998934,0.0093,0
Hyderabad,2018,10.0,10.78,9,-1.9000000000000004,0.0,0
Hyderabad,2019,13.65,5.15,9,3.6500000000000004,0.01,0
Hyderabad,2020,,2.6,9,,,0
Hyderabad,2021,,4.85,9,,,0
Hyderabad,2022,12.2,5.8,9,,0.0069,0
Jaipur,2000,8.45,10.51,5,0.0,0.0,2
Jaipur,2001,15.135,10.5,5,6.6850000000000005,0.0125,2
Jaipur,2002,14.93,12.2,5,-0.20500000000000007,0.0135,2
Jaipur,2003,16.42,7.58,5,1.490000000000002,0.0157,2
Jaipur,2004,12.2,9.72,5,-4.220000000000002,0.0056,2
Jaipur,2005,12.2,10.68,5,0.0,0.0033,2
Jaipur,2006,12.1,11.9,5,-0.09999999999999964,0.0006,2
Jaipur,2007,12.2,9.575,5,0.09999999999999964,0.0052,2
Jaipur,2008,12.48,8.98,5,0.28000000000000114,0.0066,2
Jaipur,2009,11.28,8.805,5,-1.200000000000001,0.0077,2
Jaipur,2010,12.24,7.555,5,0.9600000000000009,0.0059,2
Jaipur,2011,11.32,8.38,5,-0.9199999999999999,0.0049,2
Jaipur,2012,10.0,6.72,5,-1.3200000000000003,0.0053,2
Jaipur,2013,11.65,8.95,5,1.6500000000000004,0.004,2
Jaipur,2014,10.18,8.48,5,-1.4700000000000006,0.0037,2
Jaipur,2015,10.42,11.97,5,0.2400000000000002,0.0,2
Jaipur,2016,10.505,8.56,5,0.08500000000000085,0.0032,2
Jaipur,2017,9.17,12.2,5,-1.3350000000000009,0.0,2
Jaipur,2018,10.535,11.7,5,1.3650000000000002,0.0,2
Jaipur,2019,8.5,6.53,5,-2.035,0.0022,2
Jaipur,2020,,6.5,5,,,2
Jaipur,2021,,3.37,5,,,2
Jaipur,2022,11.7,3.235,5,,0.0141,2
Kolkata,2000,,1.07,3,,,1
Kolkata,2001,,0.91,3,,,1
Kolkata,2002,,0.89,3,,,1
Kolkata,2003,,1.34,3,,,1
Kolkata,2004,,1.31,3,,,1
Kolkata,2005,,1.47,3,,,0
Kolkata,2006,,2.4,3,,,0
Kolkata,2007,,1.11,3,,,0
Kolkata,2008,,1.8,3,,,0
Kolkata,2009,,1.8,3,,,0
Kolkata,2010,,0.68,3,,,0
Kolkata,2011,,1.18,3,,,0
Kolkata,2012,,0.3,3,,,0
Kolkata,2013,,0.65,3,,,0
Kolkata,2014,,,3,,,0
Kolkata,2015,,0.78,3,,,0
Kolkata,2016,,0.55,3,,,0
Kolkata,2017,,8.3,3,,,0
Kolkata,2018,,2.61,3,,,0
Kolkata,2019,,5.4,3,,,0
Kolkata,2020,,13.15,3,,,0
Kolkata,2021,,0.65,3,,,0
Kolkata,2022,,1.7,3,,,0
Lucknow,2000,4.51,2.755,18,0.45500000000000007,0.0022,1
Lucknow,2001,3.975,2.445,18,-0.5349999999999997,0.0014,1
Lucknow,2002,3.935,2.51,18,-0.040000000000000036,0.002,1
Lucknow,2003,5.455,1.96,18,1.52,0.0025,1
Lucknow,2004,3.885,2.125,18,-1.5700000000000003,0.0021,1
Lucknow,2005,3.7,2.27,18,-0.1849999999999996,0.0017,0
Lucknow,2006,4.26,3.69,18,0.5599999999999996,0.0008,0
Lucknow,2007,5.25,2.9,18,0.9900000000000002,0.0024,0
Lucknow,2008,6.025,2.465,18,0.7750000000000004,0.0025,0
Lucknow,2009,5.6,2.715,18,-0.4250000000000007,0.0037,0
Lucknow,2010,5.6,3.54,18,0.0,0.002,0
Lucknow,2011,5.89,2.54,18,0.29000000000000004,0.0032,0
Lucknow,2012,5.82,2.59,18,-0.0699999999999994,0.0035,0
Lucknow,2013,5.22,2.89,18,-0.6000000000000005,0.002,0
Lucknow,2014,5.75,,18,0.5300000000000002,,0
Lucknow,2015,4.04,4.075,18,-1.71,0.0,0
Lucknow,2016,6.61,4.785,18,2.5700000000000003,0.0018,0
Lucknow,2017,5.575,3.15,18,-1.0350000000000001,0.0026,0
Lucknow,2018,6.61,2.52,18,1.0350000000000001,0.0033,0
Lucknow,2019,6.17,3.055,18,-0.4400000000000004,0.0024,0
Lucknow,2020,,3.485,18,,,0
Lucknow,2021,,2.0,18,,,0
Lucknow,2022,5.345,2.695,18,,0.0024,0
Mumbai,2000,2.35,1.36,14,0.2666666666666666,0.0005,1
Mumbai,2001,5.19,1.55,14,2.8400000000000003,0.0022,1
Mumbai,2002,4.75,2.04,14,-0.4400000000000004,0.0018,1
Mumbai,2003,6.1,1.535,14,1.3499999999999996,0.0026,1
Mumbai,2004,4.3,,14,-1.7999999999999998,,1
Mumbai,2005,4.5,1.95,14,0.20000000000000018,0.0011,0
Mumbai,2006,4.825,1.76,14,0.3250000000000002,0.0012,0
Mumbai,2007,5.1,1.365,14,0.27499999999999947,0.0016,0
Mumbai,2008,1.67,2.4,14,-3.4299999999999997,0.0,0
Mumbai,2009,5.425,1.725,14,3.755,0.0023,0
Mumbai,2010,4.6,1.3,14,-0.8250000000000002,0.0015,0
Mumbai,2011,4.4,2.4,14,-0.1999999999999993,0.0009,0
Mumbai,2012,5.04,1.61,14,0.6399999999999997,0.0024,0
Mumbai,2013,1.77,1.53,14,-3.27,0.0001,0
Mumbai,2014,4.43,3.0,14,2.6599999999999997,0.0008,0
Mumbai,2015,3.05,1.15,14,-1.38,0.0014,0
Mumbai,2016,5.37,1.075,14,2.3200000000000003,0.0016,0
Mumbai,2017,5.3,2.3,14,-0.07000000000000028,0.0012,0
Mumbai,2018,4.39,1.68,14,-0.9100000000000001,0.002,0
Mumbai,2019,5.3,1.4,14,0.9100000000000001,0.0015,0
Mumbai,2020,,1.735,14,,,0
Mumbai,2021,,1.25,14,,,0
Mumbai,2022,3.8,1.85,14,,0.0007,0
Pune,2000,2.755,3.64,10,-1.055,0.0,1
Pune,2001,4.15,2.385,10,1.3950000000000005,0.0012,1
Pune,2002,5.0,5.35,10,0.8499999999999996,0.0,1
Pune,2003,6.27,4.0,10,1.2699999999999996,0.0017,1
Pune,2004,7.64,,10,1.37,,1
Pune,2005,4.7,1.36,10,-2.9399999999999995,0.0015,0
Pune,2006,7.2,2.615,10,2.5,0.0019,0
Pune,2007,4.475,3.65,10,-2.7250000000000005,0.0005,0
Pune,2008,4.85,1.8,10,0.375,0.0017,0
Pune,2009,6.65,2.0,10,1.8000000000000007,0.0025,0
Pune,2010,4.925,1.7,10,-1.7250000000000005,0.0015,0
Pune,2011,4.125,1.915,10,-0.7999999999999998,0.0011,0
Pune,2012,6.35,4.605,10,2.2249999999999996,0.0015,0
Pune,2013,7.29,2.375,10,0.9400000000000004,0.0024,0
Pune,2014,4.94,1.875,10,-2.3499999999999996,0.0018,0
Pune,2015,5.32,1.85,10,0.3799999999999999,0.0028,0
Pune,2016,5.94,2.335,10,0.6200000000000001,0.0017,0
Pune,2017,5.46,1.95,10,-0.4800000000000004,0.0038,0
Pune,2018,5.4,,10,-0.05999999999999961,,0
Pune,2019,6.2,1.2,10,0.7999999999999998,0.0034,0
Pune,2020,,1.0,10,,,0
Pune,2021,,2.37,10,,,0
Pune,2022,6.25,2.15,10,,0.0038,0
