city,year,koppen_zone,T_ann,P_ann,T_min,T_max,n_dry_months,koppen_zone_enc
Ahmedabad,2000,BWh,27.61,373.9,21.05,33.48,10,3
Ahmedabad,2001,BSh,27.42,454.0,21.15,33.04,9,2
Ahmedabad,2002,BWh,27.88,300.0,20.62,34.2,10,3
Ahmedabad,2003,BSh,27.42,790.4,21.61,33.44,9,2
Ahmedabad,2004,Aw,27.37,863.6,20.79,33.03,9,1
Ahmedabad,2005,Aw,26.52,1077.3,19.24,32.69,8,1
Ahmedabad,2006,Aw,27.1,1617.0,20.58,32.94,8,1
Ahmedabad,2007,Aw,27.17,1091.5,21.38,33.0,8,1
Ahmedabad,2008,BSh,26.75,783.9,20.16,32.13,8,2
Ahmedabad,2009,BSh,27.96,592.7,22.47,32.96,10,2
Ahmedabad,2010,Aw,28.0,1089.5,20.97,35.14,9,1
Ahmedabad,2011,BSh,27.16,819.7,19.99,32.76,9,2
Ahmedabad,2012,BSh,26.73,563.1,19.24,32.81,9,2
Ahmedabad,2013,Aw,26.58,916.9,20.37,33.35,7,1
Ahmedabad,2014,BSh,27.16,693.2,19.97,33.58,9,2
Ahmedabad,2015,BSh,27.61,610.6,20.02,33.61,11,2
Ahmedabad,2016,BSh,27.42,712.2,21.36,34.36,9,2
Ahmedabad,2017,Aw,27.63,1578.0,20.94,34.55,8,1
Ahmedabad,2018,BSh,27.87,751.1,20.52,34.85,10,2
Ahmedabad,2019,Aw,27.49,1237.1,19.6,33.56,8,1
Ahmedabad,2020,Aw,27.72,1015.1,19.47,35.08,8,1
Ahmedabad,2021,Aw,27.88,1050.1,20.98,33.03,7,1
Ahmedabad,2022,Aw,28.0,1014.7,19.08,34.91,9,1
Ahmedabad,2023,Aw,27.97,1035.9,20.81,33.7,8,1
Ahmedabad,2024,Aw,28.2,1335.1,20.92,35.88,7,1
Bangalore,2000,Aw,22.74,963.0,19.39,26.32,5,1
Bangalore,2001,Aw,23.15,756.2,19.76,26.39,6,1
Bangalore,2002,Aw,23.34,628.7,20.41,27.16,7,1
Bangalore,2003,BSh,23.83,589.6,21.02,28.08,8,2
Bangalore,2004,Aw,22.96,898.8,20.6,26.24,6,1
Bangalore,2005,Aw,23.26,1120.4,19.85,26.82,3,1
Bangalore,2006,Aw,23.22,632.5,20.54,26.52,7,1
Bangalore,2007,Aw,23.26,935.4,20.58,26.63,6,1
Bangalore,2008,Aw,22.89,1056.2,20.33,26.17,4,1
Bangalore,2009,Aw,23.35,1004.4,20.64,27.16,6,1
Bangalore,2010,Aw,23.57,1106.7,19.9,27.98,5,1
Bangalore,2011,Aw,22.92,1062.6,20.57,25.96,5,1
Bangalore,2012,Aw,23.4,793.0,20.86,27.39,6,1
Bangalore,2013,Aw,23.24,958.6,20.52,27.41,6,1
Bangalore,2014,Aw,23.53,822.1,21.02,27.76,6,1
Bangalore,2015,Aw,23.34,1176.9,20.97,25.91,4,1
Bangalore,2016,Aw,23.78,775.5,20.74,28.64,9,1
Bangalore,2017,Aw,23.8,968.3,21.24,27.86,6,1
Bangalore,2018,Aw,23.61,942.9,21.34,27.02,6,1
Bangalore,2019,Aw,24.25,967.0,21.22,27.83,7,1
Bangalore,2020,Aw,23.87,1268.6,20.83,27.89,6,1
Bangalore,2021,Aw,23.46,1440.9,21.17,26.68,4,1
Bangalore,2022,Aw,23.3,1185.3,21.12,27.05,5,1
Bangalore,2023,Aw,24.05,795.5,20.95,26.72,7,1
Bangalore,2024,Aw,24.54,1080.9,22.18,29.42,5,1
Chennai,2000,BSh,28.28,703.6,24.51,32.42,7,2
Chennai,2001,Aw,28.69,1153.2,24.38,33.66,7,1
Chennai,2002,Aw,28.5,605.0,24.22,32.84,10,1
Chennai,2003,BSh,28.65,615.7,24.67,33.27,6,2
Chennai,2004,Aw,28.17,957.4,24.51,31.54,7,1
Chennai,2005,Aw,28.45,1409.6,24.74,32.69,6,1
Chennai,2006,Aw,28.32,941.5,24.22,31.73,8,1
Chennai,2007,Aw,27.91,1235.5,24.6,33.14,5,1
Chennai,2008,Aw,28.17,1134.4,24.03,33.31,7,1
Chennai,2009,Aw,28.75,850.2,24.36,32.44,7,1
Chennai,2010,Aw,28.32,1296.8,24.72,32.27,4,1
Chennai,2011,Aw,28.29,931.0,24.59,32.44,6,1
Chennai,2012,Aw,28.83,731.0,23.83,33.84,7,1
Chennai,2013,Aw,28.37,855.6,24.46,33.19,7,1
Chennai,2014,Aw,28.57,933.8,24.96,33.29,6,1
Chennai,2015,Aw,28.51,1238.0,24.36,31.92,7,1
Chennai,2016,Aw,28.56,1014.4,24.85,31.56,7,1
Chennai,2017,Aw,28.4,1335.1,25.21,32.25,7,1
Chennai,2018,Aw,28.3,844.4,24.28,32.05,7,1
Chennai,2019,Aw,28.5,932.1,24.38,32.43,6,1
Chennai,2020,Aw,28.19,1343.2,25.25,31.52,6,1
Chennai,2021,Aw,28.1,1727.2,24.92,31.45,5,1
Chennai,2022,Aw,28.02,1441.4,25.18,30.96,5,1
Chennai,2023,Aw,28.45,1625.2,24.81,32.33,5,1
Chennai,2024,Aw,28.72,1610.5,25.61,31.51,4,1
Delhi,2000,BSh,24.65,666.9,14.15,33.9,9,2
Delhi,2001,BSh,24.69,598.6,13.38,32.63,8,2
Delhi,2002,BSh,25.62,401.8,13.97,35.29,10,2
Delhi,2003,Cwa,24.09,908.0,12.48,34.01,9,5
Delhi,2004,BSh,25.32,475.4,13.36,32.85,10,2
Delhi,2005,BSh,24.7,719.2,14.08,34.17,9,2
Delhi,2006,BSh,25.74,549.0,15.36,33.53,10,2
Delhi,2007,BSh,25.2,649.3,15.02,33.24,7,2
Delhi,2008,Csa,24.77,790.7,14.37,31.22,7,4
Delhi,2009,BSh,25.81,427.0,16.15,34.72,9,2
Delhi,2010,Csa,25.64,886.0,14.98,34.4,9,4
Delhi,2011,BSh,24.6,656.6,13.1,32.93,8,2
Delhi,2012,BSh,24.52,573.8,13.27,35.93,9,2
Delhi,2013,BSh,24.17,753.1,12.71,33.16,8,2
Delhi,2014,BSh,24.7,493.6,13.58,34.9,9,2
Delhi,2015,Cwa,24.59,814.9,13.58,32.68,8,5
Delhi,2016,Cwa,25.38,794.4,15.14,33.21,9,5
Delhi,2017,BSh,25.2,546.1,14.74,32.99,8,2
Delhi,2018,BSh,24.98,702.3,14.2,33.92,8,2
Delhi,2019,BSh,24.69,572.2,13.08,34.87,9,2
Delhi,2020,BSh,24.3,582.1,13.04,32.49,8,2
Delhi,2021,Cwa,24.83,780.4,13.68,32.3,8,5
Delhi,2022,BSh,25.18,707.3,12.75,33.67,7,2
Delhi,2023,Cwa,24.58,835.4,12.57,31.53,7,5
Delhi,2024,Cwa,25.12,1026.3,11.74,34.92,8,5
Hyderabad,2000,BSh,25.91,784.5,21.6,31.66,9,2
Hyderabad,2001,BSh,26.35,659.8,22.24,33.16,8,2
Hyderabad,2002,BSh,26.46,561.8,22.22,32.43,9,2
Hyderabad,2003,BSh,26.49,769.9,21.57,33.89,7,2
Hyderabad,2004,BSh,26.01,667.1,21.95,31.08,8,2
Hyderabad,2005,Aw,26.17,908.2,21.25,32.79,8,1
Hyderabad,2006,BSh,25.94,753.0,22.24,31.03,8,2
Hyderabad,2007,BSh,26.2,768.2,22.8,32.71,7,2
Hyderabad,2008,Aw,26.12,814.6,22.3,32.37,8,1
Hyderabad,2009,BSh,26.98,667.4,22.7,32.9,7,2
Hyderabad,2010,Aw,26.58,1198.3,20.44,33.15,7,1
Hyderabad,2011,BSh,26.11,588.5,21.51,32.76,10,2
Hyderabad,2012,BSh,26.54,711.3,22.87,33.48,7,2
Hyderabad,2013,Aw,25.9,910.8,21.12,33.89,7,1
Hyderabad,2014,BSh,26.15,716.0,21.43,30.94,7,2
Hyderabad,2015,BSh,26.71,495.1,21.63,32.38,9,2
Hyderabad,2016,Aw,26.4,969.3,21.88,32.81,7,1
Hyderabad,2017,BSh,26.47,754.3,22.16,32.62,7,2
Hyderabad,2018,BSh,26.27,708.4,22.37,31.87,8,2
Hyderabad,2019,Aw,26.62,853.1,21.67,33.07,7,1
Hyderabad,2020,Aw,25.96,1126.8,21.62,31.51,7,1
Hyderabad,2021,BSh,26.07,787.3,22.77,30.32,7,2
Hyderabad,2022,Aw,26.23,921.6,21.89,31.23,7,1
Hyderabad,2023,Aw,26.32,969.0,22.45,30.6,7,1
Hyderabad,2024,Aw,26.79,1299.1,23.4,31.38,6,1
Jaipur,2000,BWh,25.32,355.2,15.42,33.44,10,3
Jaipur,2001,BWh,25.01,370.5,14.45,33.44,10,3
Jaipur,2002,BWh,26.25,202.5,14.31,35.29,10,3
Jaipur,2003,BSh,24.64,564.7,14.11,33.38,9,2
Jaipur,2004,BSh,25.54,446.4,14.5,33.27,11,2
Jaipur,2005,BSh,24.96,462.5,13.88,33.48,10,2
Jaipur,2006,BWh,25.9,316.4,16.05,34.56,9,3
Jaipur,2007,BSh,25.37,504.0,15.97,33.44,9,2
Jaipur,2008,BSh,25.0,526.4,15.04,32.14,8,2
Jaipur,2009,BWh,26.24,319.5,17.08,34.0,10,3
Jaipur,2010,Cwa,25.67,793.5,14.33,35.16,8,5
Jaipur,2011,BSh,24.59,594.2,13.44,33.69,8,2
Jaipur,2012,BSh,24.53,622.3,13.52,34.39,9,2
Jaipur,2013,BSh,24.36,670.5,13.6,33.64,10,2
Jaipur,2014,BSh,24.51,463.9,13.19,34.7,9,2
Jaipur,2015,BSh,25.16,397.2,14.23,33.31,10,2
Jaipur,2016,BSh,25.77,608.2,16.52,34.37,10,2
Jaipur,2017,BSh,25.71,424.1,15.26,33.6,9,2
Jaipur,2018,BSh,25.74,695.5,15.48,34.11,8,2
Jaipur,2019,Csa,24.99,912.7,14.5,34.3,9,4
Jaipur,2020,BSh,25.04,481.3,14.53,33.06,9,2
Jaipur,2021,BSh,25.14,740.6,15.17,32.98,8,2
Jaipur,2022,BSh,25.33,601.7,13.1,34.29,8,2
Jaipur,2023,BSh,24.84,587.7,13.95,30.64,9,2
Jaipur,2024,Csa,25.31,790.8,14.02,35.04,8,4
Kolkata,2000,Aw,26.0,1402.0,19.32,30.57,5,1
Kolkata,2001,Cwa,25.89,1716.5,17.89,30.24,6,5
Kolkata,2002,Aw,26.21,1683.7,19.88,30.89,4,1
Kolkata,2003,Cwa,26.13,1482.3,17.66,32.08,5,5
Kolkata,2004,Aw,26.33,1389.6,18.87,32.49,6,1
Kolkata,2005,Aw,26.64,1489.1,19.56,32.39,5,1
Kolkata,2006,Aw,26.65,1430.4,19.4,30.63,7,1
Kolkata,2007,Aw,26.19,1864.7,19.36,30.92,5,1
Kolkata,2008,Aw,26.09,1793.5,19.52,31.55,5,1
Kolkata,2009,Aw,26.99,1299.3,20.64,31.78,6,1
Kolkata,2010,Aw,27.23,1162.7,19.11,32.38,6,1
Kolkata,2011,Aw,26.32,1820.2,19.26,31.03,7,1
Kolkata,2012,Aw,26.47,1261.2,19.16,32.09,5,1
Kolkata,2013,Aw,26.01,1570.2,18.5,30.81,6,1
Kolkata,2014,Aw,26.35,1378.5,18.6,32.18,7,1
Kolkata,2015,Aw,26.47,1838.7,19.16,31.53,7,1
Kolkata,2016,Aw,26.8,1612.6,20.0,32.35,5,1
Kolkata,2017,Aw,26.59,2237.1,19.87,31.75,2,1
Kolkata,2018,Cwa,26.14,1786.9,17.5,30.01,5,5
Kolkata,2019,Aw,26.35,1666.5,19.01,31.38,3,1
Kolkata,2020,Aw,26.22,1892.7,18.88,29.38,5,1
Kolkata,2021,Aw,26.57,2168.2,20.1,30.83,5,1
Kolkata,2022,Aw,26.41,1651.6,18.88,31.3,6,1
Kolkata,2023,Aw,26.97,1882.3,20.39,31.43,5,1
Kolkata,2024,Aw,26.7,2083.4,18.4,31.97,5,1
Lucknow,2000,Csa,24.89,787.0,15.62,32.79,8,4
Lucknow,2001,Cwa,24.86,1081.4,14.53,32.21,7,5
Lucknow,2002,BSh,25.47,730.7,15.04,32.97,9,2
Lucknow,2003,Csa,24.76,1425.6,13.16,32.7,8,4
Lucknow,2004,Cwa,25.1,851.9,14.2,33.07,7,5
Lucknow,2005,Csa,25.4,823.4,15.53,34.58,8,4
Lucknow,2006,BSh,26.04,676.8,16.52,32.33,9,2
Lucknow,2007,Cwa,25.49,973.3,16.41,32.72,7,5
Lucknow,2008,Csa,25.2,1443.9,16.02,32.35,8,4
Lucknow,2009,BSh,26.0,789.3,17.53,34.15,8,2
Lucknow,2010,Csa,26.28,1027.3,15.67,34.41,9,4
Lucknow,2011,Csa,25.15,1040.5,14.79,32.67,8,4
Lucknow,2012,Csa,25.27,936.1,14.56,35.74,9,4
Lucknow,2013,Cwa,24.68,1160.1,14.31,33.36,6,5
Lucknow,2014,Cwa,24.98,728.9,14.9,34.29,8,5
Lucknow,2015,Cwa,25.54,828.5,14.79,33.34,8,5
Lucknow,2016,Csa,25.87,1022.3,16.51,32.57,8,4
Lucknow,2017,Csa,25.63,936.0,15.52,33.04,8,4
Lucknow,2018,Csa,25.49,1228.3,14.37,33.68,8,4
Lucknow,2019,Cwa,25.24,1284.7,14.75,33.82,9,5
Lucknow,2020,Cwa,24.58,1296.1,14.53,30.21,5,5
Lucknow,2021,Cwa,25.06,994.9,15.27,30.4,7,5
Lucknow,2022,Cwa,25.56,1125.0,13.86,33.82,7,5
Lucknow,2023,Cwa,25.38,1007.5,14.07,33.17,7,5
Lucknow,2024,Csa,25.66,1139.0,13.29,35.11,8,4
Mumbai,2000,Aw,26.62,1836.5,23.96,28.47,6,1
Mumbai,2001,Aw,26.62,1655.8,24.3,29.15,7,1
Mumbai,2002,Aw,27.18,1530.1,23.65,30.11,8,1
Mumbai,2003,Aw,27.1,1780.5,25.43,29.43,8,1
Mumbai,2004,Aw,27.05,2031.1,23.96,30.02,8,1
Mumbai,2005,Aw,26.75,2383.7,23.59,29.59,8,1
Mumbai,2006,Aw,27.23,2472.9,24.93,29.56,6,1
Mumbai,2007,Aw,27.33,2288.9,25.24,29.96,8,1
Mumbai,2008,Aw,26.91,1868.4,23.66,29.64,8,1
Mumbai,2009,Aw,27.39,1625.1,25.49,29.79,6,1
Mumbai,2010,Aw,27.27,2261.7,24.04,30.61,7,1
Mumbai,2011,Aw,26.99,2143.5,23.91,29.33,8,1
Mumbai,2012,Aw,26.61,1454.9,23.15,28.82,7,1
Mumbai,2013,Aw,26.64,2161.8,23.63,29.58,8,1
Mumbai,2014,Aw,27.25,1845.4,24.29,29.94,8,1
Mumbai,2015,Aw,27.38,1324.2,24.06,30.34,8,1
Mumbai,2016,Am,26.96,2638.3,24.23,30.15,7,0
Mumbai,2017,Aw,26.86,2453.5,24.1,29.79,7,1
Mumbai,2018,Aw,27.08,1361.4,24.28,29.91,8,1
Mumbai,2019,Am,26.71,2604.6,23.0,29.21,7,0
Mumbai,2020,Am,27.13,2773.6,23.69,30.31,7,0
Mumbai,2021,Aw,27.17,2280.9,24.36,29.6,6,1
Mumbai,2022,Am,26.87,2651.6,23.15,30.3,7,0
Mumbai,2023,Aw,27.52,2048.1,23.28,30.1,8,1
Mumbai,2024,Am,27.57,2523.7,25.13,30.86,7,0
Pune,2000,Aw,24.84,1559.0,22.07,29.53,6,1
Pune,2001,Aw,25.04,1452.9,22.47,29.57,7,1
Pune,2002,Aw,25.43,1430.2,21.0,29.92,8,1
Pune,2003,Aw,25.63,1313.5,22.36,29.92,8,1
Pune,2004,Aw,25.19,1815.0,21.94,29.38,7,1
Pune,2005,Aw,25.09,2205.8,21.92,29.64,7,1
Pune,2006,Aw,25.19,2443.4,22.35,29.56,7,1
Pune,2007,Aw,25.6,1786.5,23.38,29.94,8,1
Pune,2008,Aw,25.21,1779.0,22.5,29.36,7,1
Pune,2009,Aw,25.75,1854.3,22.3,30.45,6,1
Pune,2010,Aw,25.56,2201.7,21.06,30.69,6,1
Pune,2011,Aw,25.16,1958.0,22.44,28.93,7,1
Pune,2012,Aw,25.52,1199.4,21.82,29.63,7,1
Pune,2013,Aw,25.16,2077.1,22.05,29.82,8,1
Pune,2014,Aw,25.45,1750.6,21.78,29.91,7,1
Pune,2015,Aw,25.71,1241.2,21.65,30.39,7,1
Pune,2016,Aw,25.57,2164.8,22.96,30.42,7,1
Pune,2017,Aw,25.49,935.4,22.04,30.07,7,1
Pune,2018,BSh,25.59,680.9,21.79,30.31,8,2
Pune,2019,Aw,25.55,1480.4,21.65,30.55,7,1
Pune,2020,Aw,25.46,1485.2,22.01,30.64,7,1
Pune,2021,Aw,25.31,952.8,21.36,29.54,6,1
Pune,2022,Aw,25.43,1076.7,20.58,31.44,7,1
Pune,2023,BSh,25.85,782.0,22.74,29.61,9,2
Pune,2024,Aw,26.19,1413.1,22.73,31.9,7,1
